"REF_DATE","GEO","DGUID","Level of study","UOM","UOM_ID","SCALAR_FACTOR","SCALAR_ID","VECTOR","COORDINATE","VALUE","STATUS","SYMBOL","TERMINATED","DECIMALS"
"2006/2007","Canada","2016A000011124","Canadian undergraduate","Dollars","81","units ","0","v96320852","1.1","4400","","","","0"
"2006/2007","Canada","2016A000011124","Canadian graduate","Dollars","81","units ","0","v96320853","1.2","5387","","","","0"
"2006/2007","Canada","2016A000011124","International undergraduate","Dollars","81","units ","0","v96320854","1.3","13378","","","","0"
"2006/2007","Canada","2016A000011124","International graduate","Dollars","81","units ","0","v96320855","1.4","11093","","","","0"
"2006/2007","Newfoundland and Labrador","2016A000210","Canadian undergraduate","Dollars","81","units ","0","v96320856","2.1","2633","","","","0"
"2006/2007","Newfoundland and Labrador","2016A000210","Canadian graduate","Dollars","81","units ","0","v96320857","2.2","2096","","","","0"
"2006/2007","Newfoundland and Labrador","2016A000210","International undergraduate","Dollars","81","units ","0","v96320858","2.3","10147","","","","0"
"2006/2007","Newfoundland and Labrador","2016A000210","International graduate","Dollars","81","units ","0","v96320859","2.4","2723","","","","0"
"2006/2007","Prince Edward Island","2016A000211","Canadian undergraduate","Dollars","81","units ","0","v96320860","3.1","4920","","","","0"
"2006/2007","Prince Edward Island","2016A000211","Canadian graduate","Dollars","81","units ","0","v96320861","3.2","2693","","","","0"
"2006/2007","Prince Edward Island","2016A000211","International undergraduate","Dollars","81","units ","0","v96320862","3.3","8970","","","","0"
"2006/2007","Prince Edward Island","2016A000211","International graduate","Dollars","81","units ","0","v96320863","3.4","6068","","","","0"
"2006/2007","Nova Scotia","2016A000212","Canadian undergraduate","Dollars","81","units ","0","v96320864","4.1","6422","","","","0"
"2006/2007","Nova Scotia","2016A000212","Canadian graduate","Dollars","81","units ","0","v96320865","4.2","8054","","","","0"
"2006/2007","Nova Scotia","2016A000212","International undergraduate","Dollars","81","units ","0","v96320866","4.3","12363","","","","0"
"2006/2007","Nova Scotia","2016A000212","International graduate","Dollars","81","units ","0","v96320867","4.4","14515","","","","0"
"2006/2007","New Brunswick","2016A000213","Canadian undergraduate","Dollars","81","units ","0","v96320868","5.1","5470","","","","0"
"2006/2007","New Brunswick","2016A000213","Canadian graduate","Dollars","81","units ","0","v96320869","5.2","4970","","","","0"
"2006/2007","New Brunswick","2016A000213","International undergraduate","Dollars","81","units ","0","v96320870","5.3","10630","","","","0"
"2006/2007","New Brunswick","2016A000213","International graduate","Dollars","81","units ","0","v96320871","5.4","8841","","","","0"
"2006/2007","Quebec","2016A000224","Canadian undergraduate","Dollars","81","units ","0","v96320872","6.1","1932","","","","0"
"2006/2007","Quebec","2016A000224","Canadian graduate","Dollars","81","units ","0","v96320873","6.2","2059","","","","0"
"2006/2007","Quebec","2016A000224","International undergraduate","Dollars","81","units ","0","v96320874","6.3","12330","","","","0"
"2006/2007","Quebec","2016A000224","International graduate","Dollars","81","units ","0","v96320875","6.4","10043","","","","0"
"2006/2007","Ontario","2016A000235","Canadian undergraduate","Dollars","81","units ","0","v96320876","7.1","5155","","","","0"
"2006/2007","Ontario","2016A000235","Canadian graduate","Dollars","81","units ","0","v96320877","7.2","8490","","","","0"
"2006/2007","Ontario","2016A000235","International undergraduate","Dollars","81","units ","0","v96320878","7.3","14541","","","","0"
"2006/2007","Ontario","2016A000235","International graduate","Dollars","81","units ","0","v96320879","7.4","15125","","","","0"
"2006/2007","Manitoba","2016A000246","Canadian undergraduate","Dollars","81","units ","0","v96320880","8.1","3319","","","","0"
"2006/2007","Manitoba","2016A000246","Canadian graduate","Dollars","81","units ","0","v96320881","8.2","4626","","","","0"
"2006/2007","Manitoba","2016A000246","International undergraduate","Dollars","81","units ","0","v96320882","8.3","9122","","","","0"
"2006/2007","Manitoba","2016A000246","International graduate","Dollars","81","units ","0","v96320883","8.4","8831","","","","0"
"2006/2007","Saskatchewan","2016A000247","Canadian undergraduate","Dollars","81","units ","0","v96320884","9.1","4774","","","","0"
"2006/2007","Saskatchewan","2016A000247","Canadian graduate","Dollars","81","units ","0","v96320885","9.2","2837","","","","0"
"2006/2007","Saskatchewan","2016A000247","International undergraduate","Dollars","81","units ","0","v96320886","9.3","10374","","","","0"
"2006/2007","Saskatchewan","2016A000247","International graduate","Dollars","81","units ","0","v96320887","9.4","3044","","","","0"
"2006/2007","Alberta","2016A000248","Canadian undergraduate","Dollars","81","units ","0","v96320888","10.1","4763","","","","0"
"2006/2007","Alberta","2016A000248","Canadian graduate","Dollars","81","units ","0","v96320889","10.2","5490","","","","0"
"2006/2007","Alberta","2016A000248","International undergraduate","Dollars","81","units ","0","v96320890","10.3","12617","","","","0"
"2006/2007","Alberta","2016A000248","International graduate","Dollars","81","units ","0","v96320891","10.4","9670","","","","0"
"2006/2007","British Columbia","2016A000259","Canadian undergraduate","Dollars","81","units ","0","v96320892","11.1","4740","","","","0"
"2006/2007","British Columbia","2016A000259","Canadian graduate","Dollars","81","units ","0","v96320893","11.2","5605","","","","0"
"2006/2007","British Columbia","2016A000259","International undergraduate","Dollars","81","units ","0","v96320894","11.3","15564","","","","0"
"2006/2007","British Columbia","2016A000259","International graduate","Dollars","81","units ","0","v96320895","11.4","8893","","","","0"
"2007/2008","Canada","2016A000011124","Canadian undergraduate","Dollars","81","units ","0","v96320852","1.1","4558","","","","0"
"2007/2008","Canada","2016A000011124","Canadian graduate","Dollars","81","units ","0","v96320853","1.2","5592","","","","0"
"2007/2008","Canada","2016A000011124","International undergraduate","Dollars","81","units ","0","v96320854","1.3","13947","","","","0"
"2007/2008","Canada","2016A000011124","International graduate","Dollars","81","units ","0","v96320855","1.4","12560","","","","0"
"2007/2008","Newfoundland and Labrador","2016A000210","Canadian undergraduate","Dollars","81","units ","0","v96320856","2.1","2632","","","","0"
"2007/2008","Newfoundland and Labrador","2016A000210","Canadian graduate","Dollars","81","units ","0","v96320857","2.2","3686","","","","0"
"2007/2008","Newfoundland and Labrador","2016A000210","International undergraduate","Dollars","81","units ","0","v96320858","2.3","9599","","","","0"
"2007/2008","Newfoundland and Labrador","2016A000210","International graduate","Dollars","81","units ","0","v96320859","2.4","3464","","","","0"
"2007/2008","Prince Edward Island","2016A000211","Canadian undergraduate","Dollars","81","units ","0","v96320860","3.1","4440","","","","0"
"2007/2008","Prince Edward Island","2016A000211","Canadian graduate","Dollars","81","units ","0","v96320861","3.2","2875","","","","0"
"2007/2008","Prince Edward Island","2016A000211","International undergraduate","Dollars","81","units ","0","v96320862","3.3","8760","","","","0"
"2007/2008","Prince Edward Island","2016A000211","International graduate","Dollars","81","units ","0","v96320863","3.4","6053","","","","0"
"2007/2008","Nova Scotia","2016A000212","Canadian undergraduate","Dollars","81","units ","0","v96320864","4.1","6110","","","","0"
"2007/2008","Nova Scotia","2016A000212","Canadian graduate","Dollars","81","units ","0","v96320865","4.2","7357","","","","0"
"2007/2008","Nova Scotia","2016A000212","International undergraduate","Dollars","81","units ","0","v96320866","4.3","12376","","","","0"
"2007/2008","Nova Scotia","2016A000212","International graduate","Dollars","81","units ","0","v96320867","4.4","14868","","","","0"
"2007/2008","New Brunswick","2016A000213","Canadian undergraduate","Dollars","81","units ","0","v96320868","5.1","5590","","","","0"
"2007/2008","New Brunswick","2016A000213","Canadian graduate","Dollars","81","units ","0","v96320869","5.2","5119","","","","0"
"2007/2008","New Brunswick","2016A000213","International undergraduate","Dollars","81","units ","0","v96320870","5.3","10990","","","","0"
"2007/2008","New Brunswick","2016A000213","International graduate","Dollars","81","units ","0","v96320871","5.4","9172","","","","0"
"2007/2008","Quebec","2016A000224","Canadian undergraduate","Dollars","81","units ","0","v96320872","6.1","2056","","","","0"
"2007/2008","Quebec","2016A000224","Canadian graduate","Dollars","81","units ","0","v96320873","6.2","2370","","","","0"
"2007/2008","Quebec","2016A000224","International undergraduate","Dollars","81","units ","0","v96320874","6.3","12551","","","","0"
"2007/2008","Quebec","2016A000224","International graduate","Dollars","81","units ","0","v96320875","6.4","10957","","","","0"
"2007/2008","Ontario","2016A000235","Canadian undergraduate","Dollars","81","units ","0","v96320876","7.1","5388","","","","0"
"2007/2008","Ontario","2016A000235","Canadian graduate","Dollars","81","units ","0","v96320877","7.2","8486","","","","0"
"2007/2008","Ontario","2016A000235","International undergraduate","Dollars","81","units ","0","v96320878","7.3","15745","","","","0"
"2007/2008","Ontario","2016A000235","International graduate","Dollars","81","units ","0","v96320879","7.4","15433","","","","0"
"2007/2008","Manitoba","2016A000246","Canadian undergraduate","Dollars","81","units ","0","v96320880","8.1","3271","","","","0"
"2007/2008","Manitoba","2016A000246","Canadian graduate","Dollars","81","units ","0","v96320881","8.2","4602","","","","0"
"2007/2008","Manitoba","2016A000246","International undergraduate","Dollars","81","units ","0","v96320882","8.3","8457","","","","0"
"2007/2008","Manitoba","2016A000246","International graduate","Dollars","81","units ","0","v96320883","8.4","8699","","","","0"
"2007/2008","Saskatchewan","2016A000247","Canadian undergraduate","Dollars","81","units ","0","v96320884","9.1","5015","","","","0"
"2007/2008","Saskatchewan","2016A000247","Canadian graduate","Dollars","81","units ","0","v96320885","9.2","3533","","","","0"
"2007/2008","Saskatchewan","2016A000247","International undergraduate","Dollars","81","units ","0","v96320886","9.3","10204","","","","0"
"2007/2008","Saskatchewan","2016A000247","International graduate","Dollars","81","units ","0","v96320887","9.4","3716","","","","0"
"2007/2008","Alberta","2016A000248","Canadian undergraduate","Dollars","81","units ","0","v96320888","10.1","5122","","","","0"
"2007/2008","Alberta","2016A000248","Canadian graduate","Dollars","81","units ","0","v96320889","10.2","6150","","","","0"
"2007/2008","Alberta","2016A000248","International undergraduate","Dollars","81","units ","0","v96320890","10.3","13309","","","","0"
"2007/2008","Alberta","2016A000248","International graduate","Dollars","81","units ","0","v96320891","10.4","11264","","","","0"
"2007/2008","British Columbia","2016A000259","Canadian undergraduate","Dollars","81","units ","0","v96320892","11.1","4922","","","","0"
"2007/2008","British Columbia","2016A000259","Canadian graduate","Dollars","81","units ","0","v96320893","11.2","6431","","","","0"
"2007/2008","British Columbia","2016A000259","International undergraduate","Dollars","81","units ","0","v96320894","11.3","16463","","","","0"
"2007/2008","British Columbia","2016A000259","International graduate","Dollars","81","units ","0","v96320895","11.4","13876","","","","0"
"2008/2009","Canada","2016A000011124","Canadian undergraduate","Dollars","81","units ","0","v96320852","1.1","4747","","","","0"
"2008/2009","Canada","2016A000011124","Canadian graduate","Dollars","81","units ","0","v96320853","1.2","5737","","","","0"
"2008/2009","Canada","2016A000011124","International undergraduate","Dollars","81","units ","0","v96320854","1.3","14630","","","","0"
"2008/2009","Canada","2016A000011124","International graduate","Dollars","81","units ","0","v96320855","1.4","12337","","","","0"
"2008/2009","Newfoundland and Labrador","2016A000210","Canadian undergraduate","Dollars","81","units ","0","v96320856","2.1","2619","","","","0"
"2008/2009","Newfoundland and Labrador","2016A000210","Canadian graduate","Dollars","81","units ","0","v96320857","2.2","2443","","","","0"
"2008/2009","Newfoundland and Labrador","2016A000210","International undergraduate","Dollars","81","units ","0","v96320858","2.3","9322","","","","0"
"2008/2009","Newfoundland and Labrador","2016A000210","International graduate","Dollars","81","units ","0","v96320859","2.4","2785","","","","0"
"2008/2009","Prince Edward Island","2016A000211","Canadian undergraduate","Dollars","81","units ","0","v96320860","3.1","4530","","","","0"
"2008/2009","Prince Edward Island","2016A000211","Canadian graduate","Dollars","81","units ","0","v96320861","3.2","2665","","","","0"
"2008/2009","Prince Edward Island","2016A000211","International undergraduate","Dollars","81","units ","0","v96320862","3.3","8940","","","","0"
"2008/2009","Prince Edward Island","2016A000211","International graduate","Dollars","81","units ","0","v96320863","3.4","6148","","","","0"
"2008/2009","Nova Scotia","2016A000212","Canadian undergraduate","Dollars","81","units ","0","v96320864","4.1","5877","","","","0"
"2008/2009","Nova Scotia","2016A000212","Canadian graduate","Dollars","81","units ","0","v96320865","4.2","7734","","","","0"
"2008/2009","Nova Scotia","2016A000212","International undergraduate","Dollars","81","units ","0","v96320866","4.3","12405","","","","0"
"2008/2009","Nova Scotia","2016A000212","International graduate","Dollars","81","units ","0","v96320867","4.4","14493","","","","0"
"2008/2009","New Brunswick","2016A000213","Canadian undergraduate","Dollars","81","units ","0","v96320868","5.1","5479","","","","0"
"2008/2009","New Brunswick","2016A000213","Canadian graduate","Dollars","81","units ","0","v96320869","5.2","5070","","","","0"
"2008/2009","New Brunswick","2016A000213","International undergraduate","Dollars","81","units ","0","v96320870","5.3","10973","","","","0"
"2008/2009","New Brunswick","2016A000213","International graduate","Dollars","81","units ","0","v96320871","5.4","8960","","","","0"
"2008/2009","Quebec","2016A000224","Canadian undergraduate","Dollars","81","units ","0","v96320872","6.1","2180","","","","0"
"2008/2009","Quebec","2016A000224","Canadian graduate","Dollars","81","units ","0","v96320873","6.2","2219","","","","0"
"2008/2009","Quebec","2016A000224","International undergraduate","Dollars","81","units ","0","v96320874","6.3","13196","","","","0"
"2008/2009","Quebec","2016A000224","International graduate","Dollars","81","units ","0","v96320875","6.4","11346","","","","0"
"2008/2009","Ontario","2016A000235","Canadian undergraduate","Dollars","81","units ","0","v96320876","7.1","5667","","","","0"
"2008/2009","Ontario","2016A000235","Canadian graduate","Dollars","81","units ","0","v96320877","7.2","8256","","","","0"
"2008/2009","Ontario","2016A000235","International undergraduate","Dollars","81","units ","0","v96320878","7.3","16891","","","","0"
"2008/2009","Ontario","2016A000235","International graduate","Dollars","81","units ","0","v96320879","7.4","15283","","","","0"
"2008/2009","Manitoba","2016A000246","Canadian undergraduate","Dollars","81","units ","0","v96320880","8.1","3238","","","","0"
"2008/2009","Manitoba","2016A000246","Canadian graduate","Dollars","81","units ","0","v96320881","8.2","3805","","","","0"
"2008/2009","Manitoba","2016A000246","International undergraduate","Dollars","81","units ","0","v96320882","8.3","9690","","","","0"
"2008/2009","Manitoba","2016A000246","International graduate","Dollars","81","units ","0","v96320883","8.4","7973","","","","0"
"2008/2009","Saskatchewan","2016A000247","Canadian undergraduate","Dollars","81","units ","0","v96320884","9.1","5064","","","","0"
"2008/2009","Saskatchewan","2016A000247","Canadian graduate","Dollars","81","units ","0","v96320885","9.2","2762","","","","0"
"2008/2009","Saskatchewan","2016A000247","International undergraduate","Dollars","81","units ","0","v96320886","9.3","10465","","","","0"
"2008/2009","Saskatchewan","2016A000247","International graduate","Dollars","81","units ","0","v96320887","9.4","2513","","","","0"
"2008/2009","Alberta","2016A000248","Canadian undergraduate","Dollars","81","units ","0","v96320888","10.1","5308","","","","0"
"2008/2009","Alberta","2016A000248","Canadian graduate","Dollars","81","units ","0","v96320889","10.2","4948","","","","0"
"2008/2009","Alberta","2016A000248","International undergraduate","Dollars","81","units ","0","v96320890","10.3","14399","","","","0"
"2008/2009","Alberta","2016A000248","International graduate","Dollars","81","units ","0","v96320891","10.4","9324","","","","0"
"2008/2009","British Columbia","2016A000259","Canadian undergraduate","Dollars","81","units ","0","v96320892","11.1","4746","","","","0"
"2008/2009","British Columbia","2016A000259","Canadian graduate","Dollars","81","units ","0","v96320893","11.2","7241","","","","0"
"2008/2009","British Columbia","2016A000259","International undergraduate","Dollars","81","units ","0","v96320894","11.3","15378","","","","0"
"2008/2009","British Columbia","2016A000259","International graduate","Dollars","81","units ","0","v96320895","11.4","13876","","","","0"
"2009/2010","Canada","2016A000011124","Canadian undergraduate","Dollars","81","units ","0","v96320852","1.1","4942","","","","0"
"2009/2010","Canada","2016A000011124","Canadian graduate","Dollars","81","units ","0","v96320853","1.2","4860","","","","0"
"2009/2010","Canada","2016A000011124","International undergraduate","Dollars","81","units ","0","v96320854","1.3","15943","","","","0"
"2009/2010","Canada","2016A000011124","International graduate","Dollars","81","units ","0","v96320855","1.4","11678","","","","0"
"2009/2010","Newfoundland and Labrador","2016A000210","Canadian undergraduate","Dollars","81","units ","0","v96320856","2.1","2624","","","","0"
"2009/2010","Newfoundland and Labrador","2016A000210","Canadian graduate","Dollars","81","units ","0","v96320857","2.2","2458","","","","0"
"2009/2010","Newfoundland and Labrador","2016A000210","International undergraduate","Dollars","81","units ","0","v96320858","2.3","10314","","","","0"
"2009/2010","Newfoundland and Labrador","2016A000210","International graduate","Dollars","81","units ","0","v96320859","2.4","2790","","","","0"
"2009/2010","Prince Edward Island","2016A000211","Canadian undergraduate","Dollars","81","units ","0","v96320860","3.1","4969","","","","0"
"2009/2010","Prince Edward Island","2016A000211","Canadian graduate","Dollars","81","units ","0","v96320861","3.2","4091","","","","0"
"2009/2010","Prince Edward Island","2016A000211","International undergraduate","Dollars","81","units ","0","v96320862","3.3","22846","","","","0"
"2009/2010","Prince Edward Island","2016A000211","International graduate","Dollars","81","units ","0","v96320863","3.4","7913","","","","0"
"2009/2010","Nova Scotia","2016A000212","Canadian undergraduate","Dollars","81","units ","0","v96320864","4.1","5752","","","","0"
"2009/2010","Nova Scotia","2016A000212","Canadian graduate","Dollars","81","units ","0","v96320865","4.2","7701","","","","0"
"2009/2010","Nova Scotia","2016A000212","International undergraduate","Dollars","81","units ","0","v96320866","4.3","12434","","","","0"
"2009/2010","Nova Scotia","2016A000212","International graduate","Dollars","81","units ","0","v96320867","4.4","14580","","","","0"
"2009/2010","New Brunswick","2016A000213","Canadian undergraduate","Dollars","81","units ","0","v96320868","5.1","5516","","","","0"
"2009/2010","New Brunswick","2016A000213","Canadian graduate","Dollars","81","units ","0","v96320869","5.2","5074","","","","0"
"2009/2010","New Brunswick","2016A000213","International undergraduate","Dollars","81","units ","0","v96320870","5.3","11248","","","","0"
"2009/2010","New Brunswick","2016A000213","International graduate","Dollars","81","units ","0","v96320871","5.4","8978","","","","0"
"2009/2010","Quebec","2016A000224","Canadian undergraduate","Dollars","81","units ","0","v96320872","6.1","2309","","","","0"
"2009/2010","Quebec","2016A000224","Canadian graduate","Dollars","81","units ","0","v96320873","6.2","2443","","","","0"
"2009/2010","Quebec","2016A000224","International undergraduate","Dollars","81","units ","0","v96320874","6.3","14868","","","","0"
"2009/2010","Quebec","2016A000224","International graduate","Dollars","81","units ","0","v96320875","6.4","12801","","","","0"
"2009/2010","Ontario","2016A000235","Canadian undergraduate","Dollars","81","units ","0","v96320876","7.1","5985","","","","0"
"2009/2010","Ontario","2016A000235","Canadian graduate","Dollars","81","units ","0","v96320877","7.2","6256","","","","0"
"2009/2010","Ontario","2016A000235","International undergraduate","Dollars","81","units ","0","v96320878","7.3","18051","","","","0"
"2009/2010","Ontario","2016A000235","International graduate","Dollars","81","units ","0","v96320879","7.4","14140","","","","0"
"2009/2010","Manitoba","2016A000246","Canadian undergraduate","Dollars","81","units ","0","v96320880","8.1","3408","","","","0"
"2009/2010","Manitoba","2016A000246","Canadian graduate","Dollars","81","units ","0","v96320881","8.2","3936","","","","0"
"2009/2010","Manitoba","2016A000246","International undergraduate","Dollars","81","units ","0","v96320882","8.3","11166","","","","0"
"2009/2010","Manitoba","2016A000246","International graduate","Dollars","81","units ","0","v96320883","8.4","7814","","","","0"
"2009/2010","Saskatchewan","2016A000247","Canadian undergraduate","Dollars","81","units ","0","v96320884","9.1","5173","","","","0"
"2009/2010","Saskatchewan","2016A000247","Canadian graduate","Dollars","81","units ","0","v96320885","9.2","3127","","","","0"
"2009/2010","Saskatchewan","2016A000247","International undergraduate","Dollars","81","units ","0","v96320886","9.3","12618","","","","0"
"2009/2010","Saskatchewan","2016A000247","International graduate","Dollars","81","units ","0","v96320887","9.4","2800","","","","0"
"2009/2010","Alberta","2016A000248","Canadian undergraduate","Dollars","81","units ","0","v96320888","10.1","5240","","","","0"
"2009/2010","Alberta","2016A000248","Canadian graduate","Dollars","81","units ","0","v96320889","10.2","4597","","","","0"
"2009/2010","Alberta","2016A000248","International undergraduate","Dollars","81","units ","0","v96320890","10.3","17388","","","","0"
"2009/2010","Alberta","2016A000248","International graduate","Dollars","81","units ","0","v96320891","10.4","9272","","","","0"
"2009/2010","British Columbia","2016A000259","Canadian undergraduate","Dollars","81","units ","0","v96320892","11.1","4706","","","","0"
"2009/2010","British Columbia","2016A000259","Canadian graduate","Dollars","81","units ","0","v96320893","11.2","6230","","","","0"
"2009/2010","British Columbia","2016A000259","International undergraduate","Dollars","81","units ","0","v96320894","11.3","16195","","","","0"
"2009/2010","British Columbia","2016A000259","International graduate","Dollars","81","units ","0","v96320895","11.4","9794","","","","0"
"2010/2011","Canada","2016A000011124","Canadian undergraduate","Dollars","81","units ","0","v96320852","1.1","5146","","","","0"
"2010/2011","Canada","2016A000011124","Canadian graduate","Dollars","81","units ","0","v96320853","1.2","5401","","","","0"
"2010/2011","Canada","2016A000011124","International undergraduate","Dollars","81","units ","0","v96320854","1.3","16843","","","","0"
"2010/2011","Canada","2016A000011124","International graduate","Dollars","81","units ","0","v96320855","1.4","12666","","","","0"
"2010/2011","Newfoundland and Labrador","2016A000210","Canadian undergraduate","Dollars","81","units ","0","v96320856","2.1","2649","","","","0"
"2010/2011","Newfoundland and Labrador","2016A000210","Canadian graduate","Dollars","81","units ","0","v96320857","2.2","2456","","","","0"
"2010/2011","Newfoundland and Labrador","2016A000210","International undergraduate","Dollars","81","units ","0","v96320858","2.3","9758","","","","0"
"2010/2011","Newfoundland and Labrador","2016A000210","International graduate","Dollars","81","units ","0","v96320859","2.4","2790","","","","0"
"2010/2011","Prince Edward Island","2016A000211","Canadian undergraduate","Dollars","81","units ","0","v96320860","3.1","5131","","","","0"
"2010/2011","Prince Edward Island","2016A000211","Canadian graduate","Dollars","81","units ","0","v96320861","3.2","3913","","","","0"
"2010/2011","Prince Edward Island","2016A000211","International undergraduate","Dollars","81","units ","0","v96320862","3.3","23337","","","","0"
"2010/2011","Prince Edward Island","2016A000211","International graduate","Dollars","81","units ","0","v96320863","3.4","8026","","","","0"
"2010/2011","Nova Scotia","2016A000212","Canadian undergraduate","Dollars","81","units ","0","v96320864","4.1","5497","","","","0"
"2010/2011","Nova Scotia","2016A000212","Canadian graduate","Dollars","81","units ","0","v96320865","4.2","7157","","","","0"
"2010/2011","Nova Scotia","2016A000212","International undergraduate","Dollars","81","units ","0","v96320866","4.3","12433","","","","0"
"2010/2011","Nova Scotia","2016A000212","International graduate","Dollars","81","units ","0","v96320867","4.4","14325","","","","0"
"2010/2011","New Brunswick","2016A000213","Canadian undergraduate","Dollars","81","units ","0","v96320868","5.1","5647","","","","0"
"2010/2011","New Brunswick","2016A000213","Canadian graduate","Dollars","81","units ","0","v96320869","5.2","5034","","","","0"
"2010/2011","New Brunswick","2016A000213","International undergraduate","Dollars","81","units ","0","v96320870","5.3","11660","","","","0"
"2010/2011","New Brunswick","2016A000213","International graduate","Dollars","81","units ","0","v96320871","5.4","8965","","","","0"
"2010/2011","Quebec","2016A000224","Canadian undergraduate","Dollars","81","units ","0","v96320872","6.1","2411","","","","0"
"2010/2011","Quebec","2016A000224","Canadian graduate","Dollars","81","units ","0","v96320873","6.2","2601","","","","0"
"2010/2011","Quebec","2016A000224","International undergraduate","Dollars","81","units ","0","v96320874","6.3","15999","","","","0"
"2010/2011","Quebec","2016A000224","International graduate","Dollars","81","units ","0","v96320875","6.4","14623","","","","0"
"2010/2011","Ontario","2016A000235","Canadian undergraduate","Dollars","81","units ","0","v96320876","7.1","6316","","","","0"
"2010/2011","Ontario","2016A000235","Canadian graduate","Dollars","81","units ","0","v96320877","7.2","7181","","","","0"
"2010/2011","Ontario","2016A000235","International undergraduate","Dollars","81","units ","0","v96320878","7.3","19098","","","","0"
"2010/2011","Ontario","2016A000235","International graduate","Dollars","81","units ","0","v96320879","7.4","14920","","","","0"
"2010/2011","Manitoba","2016A000246","Canadian undergraduate","Dollars","81","units ","0","v96320880","8.1","3593","","","","0"
"2010/2011","Manitoba","2016A000246","Canadian graduate","Dollars","81","units ","0","v96320881","8.2","4132","","","","0"
"2010/2011","Manitoba","2016A000246","International undergraduate","Dollars","81","units ","0","v96320882","8.3","11754","","","","0"
"2010/2011","Manitoba","2016A000246","International graduate","Dollars","81","units ","0","v96320883","8.4","8204","","","","0"
"2010/2011","Saskatchewan","2016A000247","Canadian undergraduate","Dollars","81","units ","0","v96320884","9.1","5431","","","","0"
"2010/2011","Saskatchewan","2016A000247","Canadian graduate","Dollars","81","units ","0","v96320885","9.2","3434","","","","0"
"2010/2011","Saskatchewan","2016A000247","International undergraduate","Dollars","81","units ","0","v96320886","9.3","13815","","","","0"
"2010/2011","Saskatchewan","2016A000247","International graduate","Dollars","81","units ","0","v96320887","9.4","3517","","","","0"
"2010/2011","Alberta","2016A000248","Canadian undergraduate","Dollars","81","units ","0","v96320888","10.1","5505","","","","0"
"2010/2011","Alberta","2016A000248","Canadian graduate","Dollars","81","units ","0","v96320889","10.2","4672","","","","0"
"2010/2011","Alberta","2016A000248","International undergraduate","Dollars","81","units ","0","v96320890","10.3","17652","","","","0"
"2010/2011","Alberta","2016A000248","International graduate","Dollars","81","units ","0","v96320891","10.4","9408","","","","0"
"2010/2011","British Columbia","2016A000259","Canadian undergraduate","Dollars","81","units ","0","v96320892","11.1","4758","","","","0"
"2010/2011","British Columbia","2016A000259","Canadian graduate","Dollars","81","units ","0","v96320893","11.2","7178","","","","0"
"2010/2011","British Columbia","2016A000259","International undergraduate","Dollars","81","units ","0","v96320894","11.3","17170","","","","0"
"2010/2011","British Columbia","2016A000259","International graduate","Dollars","81","units ","0","v96320895","11.4","10930","","","","0"
"2011/2012","Canada","2016A000011124","Canadian undergraduate","Dollars","81","units ","0","v96320852","1.1","5313","","","","0"
"2011/2012","Canada","2016A000011124","Canadian graduate","Dollars","81","units ","0","v96320853","1.2","5450","","","","0"
"2011/2012","Canada","2016A000011124","International undergraduate","Dollars","81","units ","0","v96320854","1.3","17668","","","","0"
"2011/2012","Canada","2016A000011124","International graduate","Dollars","81","units ","0","v96320855","1.4","12835","","","","0"
"2011/2012","Newfoundland and Labrador","2016A000210","Canadian undergraduate","Dollars","81","units ","0","v96320856","2.1","2649","","","","0"
"2011/2012","Newfoundland and Labrador","2016A000210","Canadian graduate","Dollars","81","units ","0","v96320857","2.2","2456","","","","0"
"2011/2012","Newfoundland and Labrador","2016A000210","International undergraduate","Dollars","81","units ","0","v96320858","2.3","9758","","","","0"
"2011/2012","Newfoundland and Labrador","2016A000210","International graduate","Dollars","81","units ","0","v96320859","2.4","2789","","","","0"
"2011/2012","Prince Edward Island","2016A000211","Canadian undergraduate","Dollars","81","units ","0","v96320860","3.1","5258","","","","0"
"2011/2012","Prince Edward Island","2016A000211","Canadian graduate","Dollars","81","units ","0","v96320861","3.2","3992","","","","0"
"2011/2012","Prince Edward Island","2016A000211","International undergraduate","Dollars","81","units ","0","v96320862","3.3","24251","","","","0"
"2011/2012","Prince Edward Island","2016A000211","International graduate","Dollars","81","units ","0","v96320863","3.4","9370","","","","0"
"2011/2012","Nova Scotia","2016A000212","Canadian undergraduate","Dollars","81","units ","0","v96320864","4.1","5722","","","","0"
"2011/2012","Nova Scotia","2016A000212","Canadian graduate","Dollars","81","units ","0","v96320865","4.2","7427","","","","0"
"2011/2012","Nova Scotia","2016A000212","International undergraduate","Dollars","81","units ","0","v96320866","4.3","12884","","","","0"
"2011/2012","Nova Scotia","2016A000212","International graduate","Dollars","81","units ","0","v96320867","4.4","15071","","","","0"
"2011/2012","New Brunswick","2016A000213","Canadian undergraduate","Dollars","81","units ","0","v96320868","5.1","5728","","","","0"
"2011/2012","New Brunswick","2016A000213","Canadian graduate","Dollars","81","units ","0","v96320869","5.2","5258","","","","0"
"2011/2012","New Brunswick","2016A000213","International undergraduate","Dollars","81","units ","0","v96320870","5.3","12100","","","","0"
"2011/2012","New Brunswick","2016A000213","International graduate","Dollars","81","units ","0","v96320871","5.4","9201","","","","0"
"2011/2012","Quebec","2016A000224","Canadian undergraduate","Dollars","81","units ","0","v96320872","6.1","2520","","","","0"
"2011/2012","Quebec","2016A000224","Canadian graduate","Dollars","81","units ","0","v96320873","6.2","2718","","","","0"
"2011/2012","Quebec","2016A000224","International undergraduate","Dollars","81","units ","0","v96320874","6.3","16362","","","","0"
"2011/2012","Quebec","2016A000224","International graduate","Dollars","81","units ","0","v96320875","6.4","14276","","","","0"
"2011/2012","Ontario","2016A000235","Canadian undergraduate","Dollars","81","units ","0","v96320876","7.1","6815","","","","0"
"2011/2012","Ontario","2016A000235","Canadian graduate","Dollars","81","units ","0","v96320877","7.2","7682","","","","0"
"2011/2012","Ontario","2016A000235","International undergraduate","Dollars","81","units ","0","v96320878","7.3","21037","","","","0"
"2011/2012","Ontario","2016A000235","International graduate","Dollars","81","units ","0","v96320879","7.4","15943","","","","0"
"2011/2012","Manitoba","2016A000246","Canadian undergraduate","Dollars","81","units ","0","v96320880","8.1","3638","","","","0"
"2011/2012","Manitoba","2016A000246","Canadian graduate","Dollars","81","units ","0","v96320881","8.2","4173","","","","0"
"2011/2012","Manitoba","2016A000246","International undergraduate","Dollars","81","units ","0","v96320882","8.3","11815","","","","0"
"2011/2012","Manitoba","2016A000246","International graduate","Dollars","81","units ","0","v96320883","8.4","8287","","","","0"
"2011/2012","Saskatchewan","2016A000247","Canadian undergraduate","Dollars","81","units ","0","v96320884","9.1","5734","","","","0"
"2011/2012","Saskatchewan","2016A000247","Canadian graduate","Dollars","81","units ","0","v96320885","9.2","3444","","","","0"
"2011/2012","Saskatchewan","2016A000247","International undergraduate","Dollars","81","units ","0","v96320886","9.3","14755","","","","0"
"2011/2012","Saskatchewan","2016A000247","International graduate","Dollars","81","units ","0","v96320887","9.4","3900","","","","0"
"2011/2012","Alberta","2016A000248","Canadian undergraduate","Dollars","81","units ","0","v96320888","10.1","5663","","","","0"
"2011/2012","Alberta","2016A000248","Canadian graduate","Dollars","81","units ","0","v96320889","10.2","4676","","","","0"
"2011/2012","Alberta","2016A000248","International undergraduate","Dollars","81","units ","0","v96320890","10.3","18505","","","","0"
"2011/2012","Alberta","2016A000248","International graduate","Dollars","81","units ","0","v96320891","10.4","9439","","","","0"
"2011/2012","British Columbia","2016A000259","Canadian undergraduate","Dollars","81","units ","0","v96320892","11.1","4919","","","","0"
"2011/2012","British Columbia","2016A000259","Canadian graduate","Dollars","81","units ","0","v96320893","11.2","7442","","","","0"
"2011/2012","British Columbia","2016A000259","International undergraduate","Dollars","81","units ","0","v96320894","11.3","18195","","","","0"
"2011/2012","British Columbia","2016A000259","International graduate","Dollars","81","units ","0","v96320895","11.4","11258","","","","0"
"2012/2013","Canada","2016A000011124","Canadian undergraduate","Dollars","81","units ","0","v96320852","1.1","5586","","","","0"
"2012/2013","Canada","2016A000011124","Canadian graduate","Dollars","81","units ","0","v96320853","1.2","5916","","","","0"
"2012/2013","Canada","2016A000011124","International undergraduate","Dollars","81","units ","0","v96320854","1.3","18267","","","","0"
"2012/2013","Canada","2016A000011124","International graduate","Dollars","81","units ","0","v96320855","1.4","13159","","","","0"
"2012/2013","Newfoundland and Labrador","2016A000210","Canadian undergraduate","Dollars","81","units ","0","v96320856","2.1","2644","","","","0"
"2012/2013","Newfoundland and Labrador","2016A000210","Canadian graduate","Dollars","81","units ","0","v96320857","2.2","2473","","","","0"
"2012/2013","Newfoundland and Labrador","2016A000210","International undergraduate","Dollars","81","units ","0","v96320858","2.3","9025","","","","0"
"2012/2013","Newfoundland and Labrador","2016A000210","International graduate","Dollars","81","units ","0","v96320859","2.4","2826","","","","0"
"2012/2013","Prince Edward Island","2016A000211","Canadian undergraduate","Dollars","81","units ","0","v96320860","3.1","5474","","","","0"
"2012/2013","Prince Edward Island","2016A000211","Canadian graduate","Dollars","81","units ","0","v96320861","3.2","4739","","","","0"
"2012/2013","Prince Edward Island","2016A000211","International undergraduate","Dollars","81","units ","0","v96320862","3.3","20881","","","","0"
"2012/2013","Prince Edward Island","2016A000211","International graduate","Dollars","81","units ","0","v96320863","3.4","10453","","","","0"
"2012/2013","Nova Scotia","2016A000212","Canadian undergraduate","Dollars","81","units ","0","v96320864","4.1","5977","","","","0"
"2012/2013","Nova Scotia","2016A000212","Canadian graduate","Dollars","81","units ","0","v96320865","4.2","7737","","","","0"
"2012/2013","Nova Scotia","2016A000212","International undergraduate","Dollars","81","units ","0","v96320866","4.3","13151","","","","0"
"2012/2013","Nova Scotia","2016A000212","International graduate","Dollars","81","units ","0","v96320867","4.4","15739","","","","0"
"2012/2013","New Brunswick","2016A000213","Canadian undergraduate","Dollars","81","units ","0","v96320868","5.1","5940","","","","0"
"2012/2013","New Brunswick","2016A000213","Canadian graduate","Dollars","81","units ","0","v96320869","5.2","5442","","","","0"
"2012/2013","New Brunswick","2016A000213","International undergraduate","Dollars","81","units ","0","v96320870","5.3","12372","","","","0"
"2012/2013","New Brunswick","2016A000213","International graduate","Dollars","81","units ","0","v96320871","5.4","9574","","","","0"
"2012/2013","Quebec","2016A000224","Canadian undergraduate","Dollars","81","units ","0","v96320872","6.1","2565","","","","0"
"2012/2013","Quebec","2016A000224","Canadian graduate","Dollars","81","units ","0","v96320873","6.2","2697","","","","0"
"2012/2013","Quebec","2016A000224","International undergraduate","Dollars","81","units ","0","v96320874","6.3","16670","","","","0"
"2012/2013","Quebec","2016A000224","International graduate","Dollars","81","units ","0","v96320875","6.4","14322","","","","0"
"2012/2013","Ontario","2016A000235","Canadian undergraduate","Dollars","81","units ","0","v96320876","7.1","6975","","","","0"
"2012/2013","Ontario","2016A000235","Canadian graduate","Dollars","81","units ","0","v96320877","7.2","8267","","","","0"
"2012/2013","Ontario","2016A000235","International undergraduate","Dollars","81","units ","0","v96320878","7.3","21865","","","","0"
"2012/2013","Ontario","2016A000235","International graduate","Dollars","81","units ","0","v96320879","7.4","16655","","","","0"
"2012/2013","Manitoba","2016A000246","Canadian undergraduate","Dollars","81","units ","0","v96320880","8.1","3720","","","","0"
"2012/2013","Manitoba","2016A000246","Canadian graduate","Dollars","81","units ","0","v96320881","8.2","4294","","","","0"
"2012/2013","Manitoba","2016A000246","International undergraduate","Dollars","81","units ","0","v96320882","8.3","12287","","","","0"
"2012/2013","Manitoba","2016A000246","International graduate","Dollars","81","units ","0","v96320883","8.4","8558","","","","0"
"2012/2013","Saskatchewan","2016A000247","Canadian undergraduate","Dollars","81","units ","0","v96320884","9.1","6106","","","","0"
"2012/2013","Saskatchewan","2016A000247","Canadian graduate","Dollars","81","units ","0","v96320885","9.2","4294","","","","0"
"2012/2013","Saskatchewan","2016A000247","International undergraduate","Dollars","81","units ","0","v96320886","9.3","16081","","","","0"
"2012/2013","Saskatchewan","2016A000247","International graduate","Dollars","81","units ","0","v96320887","9.4","5090","","","","0"
"2012/2013","Alberta","2016A000248","Canadian undergraduate","Dollars","81","units ","0","v96320888","10.1","5670","","","","0"
"2012/2013","Alberta","2016A000248","Canadian graduate","Dollars","81","units ","0","v96320889","10.2","4775","","","","0"
"2012/2013","Alberta","2016A000248","International undergraduate","Dollars","81","units ","0","v96320890","10.3","18657","","","","0"
"2012/2013","Alberta","2016A000248","International graduate","Dollars","81","units ","0","v96320891","10.4","9481","","","","0"
"2012/2013","British Columbia","2016A000259","Canadian undergraduate","Dollars","81","units ","0","v96320892","11.1","4931","","","","0"
"2012/2013","British Columbia","2016A000259","Canadian graduate","Dollars","81","units ","0","v96320893","11.2","7362","","","","0"
"2012/2013","British Columbia","2016A000259","International undergraduate","Dollars","81","units ","0","v96320894","11.3","16989","","","","0"
"2012/2013","British Columbia","2016A000259","International graduate","Dollars","81","units ","0","v96320895","11.4","11523","","","","0"
"2013/2014","Canada","2016A000011124","Canadian undergraduate","Dollars","81","units ","0","v96320852","1.1","5767","","","","0"
"2013/2014","Canada","2016A000011124","Canadian graduate","Dollars","81","units ","0","v96320853","1.2","6038","","","","0"
"2013/2014","Canada","2016A000011124","International undergraduate","Dollars","81","units ","0","v96320854","1.3","19416","","","","0"
"2013/2014","Canada","2016A000011124","International graduate","Dollars","81","units ","0","v96320855","1.4","13490","","","","0"
"2013/2014","Newfoundland and Labrador","2016A000210","Canadian undergraduate","Dollars","81","units ","0","v96320856","2.1","2631","","","","0"
"2013/2014","Newfoundland and Labrador","2016A000210","Canadian graduate","Dollars","81","units ","0","v96320857","2.2","2506","","","","0"
"2013/2014","Newfoundland and Labrador","2016A000210","International undergraduate","Dollars","81","units ","0","v96320858","2.3","9008","","","","0"
"2013/2014","Newfoundland and Labrador","2016A000210","International graduate","Dollars","81","units ","0","v96320859","2.4","2848","","","","0"
"2013/2014","Prince Edward Island","2016A000211","Canadian undergraduate","Dollars","81","units ","0","v96320860","3.1","5688","","","","0"
"2013/2014","Prince Edward Island","2016A000211","Canadian graduate","Dollars","81","units ","0","v96320861","3.2","4820","","","","0"
"2013/2014","Prince Edward Island","2016A000211","International undergraduate","Dollars","81","units ","0","v96320862","3.3","21207","","","","0"
"2013/2014","Prince Edward Island","2016A000211","International graduate","Dollars","81","units ","0","v96320863","3.4","10780","","","","0"
"2013/2014","Nova Scotia","2016A000212","Canadian undergraduate","Dollars","81","units ","0","v96320864","4.1","6215","","","","0"
"2013/2014","Nova Scotia","2016A000212","Canadian graduate","Dollars","81","units ","0","v96320865","4.2","8044","","","","0"
"2013/2014","Nova Scotia","2016A000212","International undergraduate","Dollars","81","units ","0","v96320866","4.3","13779","","","","0"
"2013/2014","Nova Scotia","2016A000212","International graduate","Dollars","81","units ","0","v96320867","4.4","15928","","","","0"
"2013/2014","New Brunswick","2016A000213","Canadian undergraduate","Dollars","81","units ","0","v96320868","5.1","6112","","","","0"
"2013/2014","New Brunswick","2016A000213","Canadian graduate","Dollars","81","units ","0","v96320869","5.2","5604","","","","0"
"2013/2014","New Brunswick","2016A000213","International undergraduate","Dollars","81","units ","0","v96320870","5.3","12856","","","","0"
"2013/2014","New Brunswick","2016A000213","International graduate","Dollars","81","units ","0","v96320871","5.4","9994","","","","0"
"2013/2014","Quebec","2016A000224","Canadian undergraduate","Dollars","81","units ","0","v96320872","6.1","2657","","","","0"
"2013/2014","Quebec","2016A000224","Canadian graduate","Dollars","81","units ","0","v96320873","6.2","2726","","","","0"
"2013/2014","Quebec","2016A000224","International undergraduate","Dollars","81","units ","0","v96320874","6.3","17491","","","","0"
"2013/2014","Quebec","2016A000224","International graduate","Dollars","81","units ","0","v96320875","6.4","13760","","","","0"
"2013/2014","Ontario","2016A000235","Canadian undergraduate","Dollars","81","units ","0","v96320876","7.1","7257","","","","0"
"2013/2014","Ontario","2016A000235","Canadian graduate","Dollars","81","units ","0","v96320877","7.2","8470","","","","0"
"2013/2014","Ontario","2016A000235","International undergraduate","Dollars","81","units ","0","v96320878","7.3","23688","","","","0"
"2013/2014","Ontario","2016A000235","International graduate","Dollars","81","units ","0","v96320879","7.4","17818","","","","0"
"2013/2014","Manitoba","2016A000246","Canadian undergraduate","Dollars","81","units ","0","v96320880","8.1","3790","","","","0"
"2013/2014","Manitoba","2016A000246","Canadian graduate","Dollars","81","units ","0","v96320881","8.2","4357","","","","0"
"2013/2014","Manitoba","2016A000246","International undergraduate","Dollars","81","units ","0","v96320882","8.3","12588","","","","0"
"2013/2014","Manitoba","2016A000246","International graduate","Dollars","81","units ","0","v96320883","8.4","8674","","","","0"
"2013/2014","Saskatchewan","2016A000247","Canadian undergraduate","Dollars","81","units ","0","v96320884","9.1","6402","","","","0"
"2013/2014","Saskatchewan","2016A000247","Canadian graduate","Dollars","81","units ","0","v96320885","9.2","3610","","","","0"
"2013/2014","Saskatchewan","2016A000247","International undergraduate","Dollars","81","units ","0","v96320886","9.3","16659","","","","0"
"2013/2014","Saskatchewan","2016A000247","International graduate","Dollars","81","units ","0","v96320887","9.4","4815","","","","0"
"2013/2014","Alberta","2016A000248","Canadian undergraduate","Dollars","81","units ","0","v96320888","10.1","5675","","","","0"
"2013/2014","Alberta","2016A000248","Canadian graduate","Dollars","81","units ","0","v96320889","10.2","4944","","","","0"
"2013/2014","Alberta","2016A000248","International undergraduate","Dollars","81","units ","0","v96320890","10.3","18891","","","","0"
"2013/2014","Alberta","2016A000248","International graduate","Dollars","81","units ","0","v96320891","10.4","9570","","","","0"
"2013/2014","British Columbia","2016A000259","Canadian undergraduate","Dollars","81","units ","0","v96320892","11.1","5018","","","","0"
"2013/2014","British Columbia","2016A000259","Canadian graduate","Dollars","81","units ","0","v96320893","11.2","7555","","","","0"
"2013/2014","British Columbia","2016A000259","International undergraduate","Dollars","81","units ","0","v96320894","11.3","17865","","","","0"
"2013/2014","British Columbia","2016A000259","International graduate","Dollars","81","units ","0","v96320895","11.4","12383","","","","0"
"2014/2015","Canada","2016A000011124","Canadian undergraduate","Dollars","81","units ","0","v96320852","1.1","5998","","","","0"
"2014/2015","Canada","2016A000011124","Canadian graduate","Dollars","81","units ","0","v96320853","1.2","6295","","","","0"
"2014/2015","Canada","2016A000011124","International undergraduate","Dollars","81","units ","0","v96320854","1.3","20593","","","","0"
"2014/2015","Canada","2016A000011124","International graduate","Dollars","81","units ","0","v96320855","1.4","13909","","","","0"
"2014/2015","Newfoundland and Labrador","2016A000210","Canadian undergraduate","Dollars","81","units ","0","v96320856","2.1","2660","","","","0"
"2014/2015","Newfoundland and Labrador","2016A000210","Canadian graduate","Dollars","81","units ","0","v96320857","2.2","2474","","","","0"
"2014/2015","Newfoundland and Labrador","2016A000210","International undergraduate","Dollars","81","units ","0","v96320858","2.3","8942","","","","0"
"2014/2015","Newfoundland and Labrador","2016A000210","International graduate","Dollars","81","units ","0","v96320859","2.4","2822","","","","0"
"2014/2015","Prince Edward Island","2016A000211","Canadian undergraduate","Dollars","81","units ","0","v96320860","3.1","5849","","","","0"
"2014/2015","Prince Edward Island","2016A000211","Canadian graduate","Dollars","81","units ","0","v96320861","3.2","4845","","","","0"
"2014/2015","Prince Edward Island","2016A000211","International undergraduate","Dollars","81","units ","0","v96320862","3.3","21628","","","","0"
"2014/2015","Prince Edward Island","2016A000211","International graduate","Dollars","81","units ","0","v96320863","3.4","11041","","","","0"
"2014/2015","Nova Scotia","2016A000212","Canadian undergraduate","Dollars","81","units ","0","v96320864","4.1","6483","","","","0"
"2014/2015","Nova Scotia","2016A000212","Canadian graduate","Dollars","81","units ","0","v96320865","4.2","8182","","","","0"
"2014/2015","Nova Scotia","2016A000212","International undergraduate","Dollars","81","units ","0","v96320866","4.3","14136","","","","0"
"2014/2015","Nova Scotia","2016A000212","International graduate","Dollars","81","units ","0","v96320867","4.4","16482","","","","0"
"2014/2015","New Brunswick","2016A000213","Canadian undergraduate","Dollars","81","units ","0","v96320868","5.1","6298","","","","0"
"2014/2015","New Brunswick","2016A000213","Canadian graduate","Dollars","81","units ","0","v96320869","5.2","5759","","","","0"
"2014/2015","New Brunswick","2016A000213","International undergraduate","Dollars","81","units ","0","v96320870","5.3","13212","","","","0"
"2014/2015","New Brunswick","2016A000213","International graduate","Dollars","81","units ","0","v96320871","5.4","10368","","","","0"
"2014/2015","Quebec","2016A000224","Canadian undergraduate","Dollars","81","units ","0","v96320872","6.1","2740","","","","0"
"2014/2015","Quebec","2016A000224","Canadian graduate","Dollars","81","units ","0","v96320873","6.2","2820","","","","0"
"2014/2015","Quebec","2016A000224","International undergraduate","Dollars","81","units ","0","v96320874","6.3","18348","","","","0"
"2014/2015","Quebec","2016A000224","International graduate","Dollars","81","units ","0","v96320875","6.4","14051","","","","0"
"2014/2015","Ontario","2016A000235","Canadian undergraduate","Dollars","81","units ","0","v96320876","7.1","7562","","","","0"
"2014/2015","Ontario","2016A000235","Canadian graduate","Dollars","81","units ","0","v96320877","7.2","8759","","","","0"
"2014/2015","Ontario","2016A000235","International undergraduate","Dollars","81","units ","0","v96320878","7.3","25392","","","","0"
"2014/2015","Ontario","2016A000235","International graduate","Dollars","81","units ","0","v96320879","7.4","18816","","","","0"
"2014/2015","Manitoba","2016A000246","Canadian undergraduate","Dollars","81","units ","0","v96320880","8.1","3857","","","","0"
"2014/2015","Manitoba","2016A000246","Canadian graduate","Dollars","81","units ","0","v96320881","8.2","4468","","","","0"
"2014/2015","Manitoba","2016A000246","International undergraduate","Dollars","81","units ","0","v96320882","8.3","12995","","","","0"
"2014/2015","Manitoba","2016A000246","International graduate","Dollars","81","units ","0","v96320883","8.4","8877","","","","0"
"2014/2015","Saskatchewan","2016A000247","Canadian undergraduate","Dollars","81","units ","0","v96320884","9.1","6693","","","","0"
"2014/2015","Saskatchewan","2016A000247","Canadian graduate","Dollars","81","units ","0","v96320885","9.2","3758","","","","0"
"2014/2015","Saskatchewan","2016A000247","International undergraduate","Dollars","81","units ","0","v96320886","9.3","17371","","","","0"
"2014/2015","Saskatchewan","2016A000247","International graduate","Dollars","81","units ","0","v96320887","9.4","5212","","","","0"
"2014/2015","Alberta","2016A000248","Canadian undergraduate","Dollars","81","units ","0","v96320888","10.1","5738","","","","0"
"2014/2015","Alberta","2016A000248","Canadian graduate","Dollars","81","units ","0","v96320889","10.2","5715","","","","0"
"2014/2015","Alberta","2016A000248","International undergraduate","Dollars","81","units ","0","v96320890","10.3","19826","","","","0"
"2014/2015","Alberta","2016A000248","International graduate","Dollars","81","units ","0","v96320891","10.4","9748","","","","0"
"2014/2015","British Columbia","2016A000259","Canadian undergraduate","Dollars","81","units ","0","v96320892","11.1","5201","","","","0"
"2014/2015","British Columbia","2016A000259","Canadian graduate","Dollars","81","units ","0","v96320893","11.2","7648","","","","0"
"2014/2015","British Columbia","2016A000259","International undergraduate","Dollars","81","units ","0","v96320894","11.3","18950","","","","0"
"2014/2015","British Columbia","2016A000259","International graduate","Dollars","81","units ","0","v96320895","11.4","11869","","","","0"
"2015/2016","Canada","2016A000011124","Canadian undergraduate","Dollars","81","units ","0","v96320852","1.1","6201","","","","0"
"2015/2016","Canada","2016A000011124","Canadian graduate","Dollars","81","units ","0","v96320853","1.2","6537","","","","0"
"2015/2016","Canada","2016A000011124","International undergraduate","Dollars","81","units ","0","v96320854","1.3","22346","","","","0"
"2015/2016","Canada","2016A000011124","International graduate","Dollars","81","units ","0","v96320855","1.4","14520","","","","0"
"2015/2016","Newfoundland and Labrador","2016A000210","Canadian undergraduate","Dollars","81","units ","0","v96320856","2.1","2759","","","","0"
"2015/2016","Newfoundland and Labrador","2016A000210","Canadian graduate","Dollars","81","units ","0","v96320857","2.2","2475","","","","0"
"2015/2016","Newfoundland and Labrador","2016A000210","International undergraduate","Dollars","81","units ","0","v96320858","2.3","9360","","","","0"
"2015/2016","Newfoundland and Labrador","2016A000210","International graduate","Dollars","81","units ","0","v96320859","2.4","2810","","","","0"
"2015/2016","Prince Edward Island","2016A000211","Canadian undergraduate","Dollars","81","units ","0","v96320860","3.1","6130","","","","0"
"2015/2016","Prince Edward Island","2016A000211","Canadian graduate","Dollars","81","units ","0","v96320861","3.2","4887","","","","0"
"2015/2016","Prince Edward Island","2016A000211","International undergraduate","Dollars","81","units ","0","v96320862","3.3","22146","","","","0"
"2015/2016","Prince Edward Island","2016A000211","International graduate","Dollars","81","units ","0","v96320863","3.4","10586","","","","0"
"2015/2016","Nova Scotia","2016A000212","Canadian undergraduate","Dollars","81","units ","0","v96320864","4.1","6834","","","","0"
"2015/2016","Nova Scotia","2016A000212","Canadian graduate","Dollars","81","units ","0","v96320865","4.2","8439","","","","0"
"2015/2016","Nova Scotia","2016A000212","International undergraduate","Dollars","81","units ","0","v96320866","4.3","14705","","","","0"
"2015/2016","Nova Scotia","2016A000212","International graduate","Dollars","81","units ","0","v96320867","4.4","16601","","","","0"
"2015/2016","New Brunswick","2016A000213","Canadian undergraduate","Dollars","81","units ","0","v96320868","5.1","6379","","","","0"
"2015/2016","New Brunswick","2016A000213","Canadian graduate","Dollars","81","units ","0","v96320869","5.2","5737","","","","0"
"2015/2016","New Brunswick","2016A000213","International undergraduate","Dollars","81","units ","0","v96320870","5.3","13125","","","","0"
"2015/2016","New Brunswick","2016A000213","International graduate","Dollars","81","units ","0","v96320871","5.4","10432","","","","0"
"2015/2016","Quebec","2016A000224","Canadian undergraduate","Dollars","81","units ","0","v96320872","6.1","2797","","","","0"
"2015/2016","Quebec","2016A000224","Canadian graduate","Dollars","81","units ","0","v96320873","6.2","2850","","","","0"
"2015/2016","Quebec","2016A000224","International undergraduate","Dollars","81","units ","0","v96320874","6.3","20269","","","","0"
"2015/2016","Quebec","2016A000224","International graduate","Dollars","81","units ","0","v96320875","6.4","14330","","","","0"
"2015/2016","Ontario","2016A000235","Canadian undergraduate","Dollars","81","units ","0","v96320876","7.1","7865","","","","0"
"2015/2016","Ontario","2016A000235","Canadian graduate","Dollars","81","units ","0","v96320877","7.2","9175","","","","0"
"2015/2016","Ontario","2016A000235","International undergraduate","Dollars","81","units ","0","v96320878","7.3","27627","","","","0"
"2015/2016","Ontario","2016A000235","International graduate","Dollars","81","units ","0","v96320879","7.4","19928","","","","0"
"2015/2016","Manitoba","2016A000246","Canadian undergraduate","Dollars","81","units ","0","v96320880","8.1","4013","","","","0"
"2015/2016","Manitoba","2016A000246","Canadian graduate","Dollars","81","units ","0","v96320881","8.2","4594","","","","0"
"2015/2016","Manitoba","2016A000246","International undergraduate","Dollars","81","units ","0","v96320882","8.3","14385","","","","0"
"2015/2016","Manitoba","2016A000246","International graduate","Dollars","81","units ","0","v96320883","8.4","10032","","","","0"
"2015/2016","Saskatchewan","2016A000247","Canadian undergraduate","Dollars","81","units ","0","v96320884","9.1","6978","","","","0"
"2015/2016","Saskatchewan","2016A000247","Canadian graduate","Dollars","81","units ","0","v96320885","9.2","3788","","","","0"
"2015/2016","Saskatchewan","2016A000247","International undergraduate","Dollars","81","units ","0","v96320886","9.3","18096","","","","0"
"2015/2016","Saskatchewan","2016A000247","International graduate","Dollars","81","units ","0","v96320887","9.4","5513","","","","0"
"2015/2016","Alberta","2016A000248","Canadian undergraduate","Dollars","81","units ","0","v96320888","10.1","5739","","","","0"
"2015/2016","Alberta","2016A000248","Canadian graduate","Dollars","81","units ","0","v96320889","10.2","5615","","","","0"
"2015/2016","Alberta","2016A000248","International undergraduate","Dollars","81","units ","0","v96320890","10.3","20412","","","","0"
"2015/2016","Alberta","2016A000248","International graduate","Dollars","81","units ","0","v96320891","10.4","8993","","","","0"
"2015/2016","British Columbia","2016A000259","Canadian undergraduate","Dollars","81","units ","0","v96320892","11.1","5397","","","","0"
"2015/2016","British Columbia","2016A000259","Canadian graduate","Dollars","81","units ","0","v96320893","11.2","8262","","","","0"
"2015/2016","British Columbia","2016A000259","International undergraduate","Dollars","81","units ","0","v96320894","11.3","20485","","","","0"
"2015/2016","British Columbia","2016A000259","International graduate","Dollars","81","units ","0","v96320895","11.4","12877","","","","0"
"2016/2017","Canada","2016A000011124","Canadian undergraduate","Dollars","81","units ","0","v96320852","1.1","6375","","","","0"
"2016/2017","Canada","2016A000011124","Canadian graduate","Dollars","81","units ","0","v96320853","1.2","6784","","","","0"
"2016/2017","Canada","2016A000011124","International undergraduate","Dollars","81","units ","0","v96320854","1.3","23677","","","","0"
"2016/2017","Canada","2016A000011124","International graduate","Dollars","81","units ","0","v96320855","1.4","15422","","","","0"
"2016/2017","Newfoundland and Labrador","2016A000210","Canadian undergraduate","Dollars","81","units ","0","v96320856","2.1","2752","","","","0"
"2016/2017","Newfoundland and Labrador","2016A000210","Canadian graduate","Dollars","81","units ","0","v96320857","2.2","2752","","","","0"
"2016/2017","Newfoundland and Labrador","2016A000210","International undergraduate","Dollars","81","units ","0","v96320858","2.3","9321","","","","0"
"2016/2017","Newfoundland and Labrador","2016A000210","International graduate","Dollars","81","units ","0","v96320859","2.4","3174","","","","0"
"2016/2017","Prince Edward Island","2016A000211","Canadian undergraduate","Dollars","81","units ","0","v96320860","3.1","6310","","","","0"
"2016/2017","Prince Edward Island","2016A000211","Canadian graduate","Dollars","81","units ","0","v96320861","3.2","5122","","","","0"
"2016/2017","Prince Edward Island","2016A000211","International undergraduate","Dollars","81","units ","0","v96320862","3.3","21897","","","","0"
"2016/2017","Prince Edward Island","2016A000211","International graduate","Dollars","81","units ","0","v96320863","3.4","11218","","","","0"
"2016/2017","Nova Scotia","2016A000212","Canadian undergraduate","Dollars","81","units ","0","v96320864","4.1","7322","","","","0"
"2016/2017","Nova Scotia","2016A000212","Canadian graduate","Dollars","81","units ","0","v96320865","4.2","8617","","","","0"
"2016/2017","Nova Scotia","2016A000212","International undergraduate","Dollars","81","units ","0","v96320866","4.3","15747","","","","0"
"2016/2017","Nova Scotia","2016A000212","International graduate","Dollars","81","units ","0","v96320867","4.4","17662","","","","0"
"2016/2017","New Brunswick","2016A000213","Canadian undergraduate","Dollars","81","units ","0","v96320868","5.1","6714","","","","0"
"2016/2017","New Brunswick","2016A000213","Canadian graduate","Dollars","81","units ","0","v96320869","5.2","5953","","","","0"
"2016/2017","New Brunswick","2016A000213","International undergraduate","Dollars","81","units ","0","v96320870","5.3","13669","","","","0"
"2016/2017","New Brunswick","2016A000213","International graduate","Dollars","81","units ","0","v96320871","5.4","10975","","","","0"
"2016/2017","Quebec","2016A000224","Canadian undergraduate","Dollars","81","units ","0","v96320872","6.1","2817","","","","0"
"2016/2017","Quebec","2016A000224","Canadian graduate","Dollars","81","units ","0","v96320873","6.2","2904","","","","0"
"2016/2017","Quebec","2016A000224","International undergraduate","Dollars","81","units ","0","v96320874","6.3","20576","","","","0"
"2016/2017","Quebec","2016A000224","International graduate","Dollars","81","units ","0","v96320875","6.4","14555","","","","0"
"2016/2017","Ontario","2016A000235","Canadian undergraduate","Dollars","81","units ","0","v96320876","7.1","8154","","","","0"
"2016/2017","Ontario","2016A000235","Canadian graduate","Dollars","81","units ","0","v96320877","7.2","9719","","","","0"
"2016/2017","Ontario","2016A000235","International undergraduate","Dollars","81","units ","0","v96320878","7.3","29921","","","","0"
"2016/2017","Ontario","2016A000235","International graduate","Dollars","81","units ","0","v96320879","7.4","21263","","","","0"
"2016/2017","Manitoba","2016A000246","Canadian undergraduate","Dollars","81","units ","0","v96320880","8.1","4099","","","","0"
"2016/2017","Manitoba","2016A000246","Canadian graduate","Dollars","81","units ","0","v96320881","8.2","4651","","","","0"
"2016/2017","Manitoba","2016A000246","International undergraduate","Dollars","81","units ","0","v96320882","8.3","14550","","","","0"
"2016/2017","Manitoba","2016A000246","International graduate","Dollars","81","units ","0","v96320883","8.4","10149","","","","0"
"2016/2017","Saskatchewan","2016A000247","Canadian undergraduate","Dollars","81","units ","0","v96320884","9.1","7042","","","","0"
"2016/2017","Saskatchewan","2016A000247","Canadian graduate","Dollars","81","units ","0","v96320885","9.2","3864","","","","0"
"2016/2017","Saskatchewan","2016A000247","International undergraduate","Dollars","81","units ","0","v96320886","9.3","18671","","","","0"
"2016/2017","Saskatchewan","2016A000247","International graduate","Dollars","81","units ","0","v96320887","9.4","5807","","","","0"
"2016/2017","Alberta","2016A000248","Canadian undergraduate","Dollars","81","units ","0","v96320888","10.1","5742","","","","0"
"2016/2017","Alberta","2016A000248","Canadian graduate","Dollars","81","units ","0","v96320889","10.2","5655","","","","0"
"2016/2017","Alberta","2016A000248","International undergraduate","Dollars","81","units ","0","v96320890","10.3","20601","","","","0"
"2016/2017","Alberta","2016A000248","International graduate","Dollars","81","units ","0","v96320891","10.4","9127","","","","0"
"2016/2017","British Columbia","2016A000259","Canadian undergraduate","Dollars","81","units ","0","v96320892","11.1","5523","","","","0"
"2016/2017","British Columbia","2016A000259","Canadian graduate","Dollars","81","units ","0","v96320893","11.2","8250","","","","0"
"2016/2017","British Columbia","2016A000259","International undergraduate","Dollars","81","units ","0","v96320894","11.3","21761","","","","0"
"2016/2017","British Columbia","2016A000259","International graduate","Dollars","81","units ","0","v96320895","11.4","14824","","","","0"
"2017/2018","Canada","2016A000011124","Canadian undergraduate","Dollars","81","units ","0","v96320852","1.1","6618","","","","0"
"2017/2018","Canada","2016A000011124","Canadian graduate","Dollars","81","units ","0","v96320853","1.2","6920","","","","0"
"2017/2018","Canada","2016A000011124","International undergraduate","Dollars","81","units ","0","v96320854","1.3","25549","","","","0"
"2017/2018","Canada","2016A000011124","International graduate","Dollars","81","units ","0","v96320855","1.4","16326","","","","0"
"2017/2018","Newfoundland and Labrador","2016A000210","Canadian undergraduate","Dollars","81","units ","0","v96320856","2.1","2821","","","","0"
"2017/2018","Newfoundland and Labrador","2016A000210","Canadian graduate","Dollars","81","units ","0","v96320857","2.2","2776","","","","0"
"2017/2018","Newfoundland and Labrador","2016A000210","International undergraduate","Dollars","81","units ","0","v96320858","2.3","9241","","","","0"
"2017/2018","Newfoundland and Labrador","2016A000210","International graduate","Dollars","81","units ","0","v96320859","2.4","3179","","","","0"
"2017/2018","Prince Edward Island","2016A000211","Canadian undergraduate","Dollars","81","units ","0","v96320860","3.1","6485","","","","0"
"2017/2018","Prince Edward Island","2016A000211","Canadian graduate","Dollars","81","units ","0","v96320861","3.2","4918","","","","0"
"2017/2018","Prince Edward Island","2016A000211","International undergraduate","Dollars","81","units ","0","v96320862","3.3","21184","","","","0"
"2017/2018","Prince Edward Island","2016A000211","International graduate","Dollars","81","units ","0","v96320863","3.4","11779","","","","0"
"2017/2018","Nova Scotia","2016A000212","Canadian undergraduate","Dollars","81","units ","0","v96320864","4.1","7718","","","","0"
"2017/2018","Nova Scotia","2016A000212","Canadian graduate","Dollars","81","units ","0","v96320865","4.2","8955","","","","0"
"2017/2018","Nova Scotia","2016A000212","International undergraduate","Dollars","81","units ","0","v96320866","4.3","16717","","","","0"
"2017/2018","Nova Scotia","2016A000212","International graduate","Dollars","81","units ","0","v96320867","4.4","18348","","","","0"
"2017/2018","New Brunswick","2016A000213","Canadian undergraduate","Dollars","81","units ","0","v96320868","5.1","6908","","","","0"
"2017/2018","New Brunswick","2016A000213","Canadian graduate","Dollars","81","units ","0","v96320869","5.2","6089","","","","0"
"2017/2018","New Brunswick","2016A000213","International undergraduate","Dollars","81","units ","0","v96320870","5.3","13872","","","","0"
"2017/2018","New Brunswick","2016A000213","International graduate","Dollars","81","units ","0","v96320871","5.4","11245","","","","0"
"2017/2018","Quebec","2016A000224","Canadian undergraduate","Dollars","81","units ","0","v96320872","6.1","2880","","","","0"
"2017/2018","Quebec","2016A000224","Canadian graduate","Dollars","81","units ","0","v96320873","6.2","2976","","","","0"
"2017/2018","Quebec","2016A000224","International undergraduate","Dollars","81","units ","0","v96320874","6.3","21182","","","","0"
"2017/2018","Quebec","2016A000224","International graduate","Dollars","81","units ","0","v96320875","6.4","14956","","","","0"
"2017/2018","Ontario","2016A000235","Canadian undergraduate","Dollars","81","units ","0","v96320876","7.1","8519","","","","0"
"2017/2018","Ontario","2016A000235","Canadian graduate","Dollars","81","units ","0","v96320877","7.2","9785","","","","0"
"2017/2018","Ontario","2016A000235","International undergraduate","Dollars","81","units ","0","v96320878","7.3","32380","","","","0"
"2017/2018","Ontario","2016A000235","International graduate","Dollars","81","units ","0","v96320879","7.4","22226","","","","0"
"2017/2018","Manitoba","2016A000246","Canadian undergraduate","Dollars","81","units ","0","v96320880","8.1","4227","","","","0"
"2017/2018","Manitoba","2016A000246","Canadian graduate","Dollars","81","units ","0","v96320881","8.2","4780","","","","0"
"2017/2018","Manitoba","2016A000246","International undergraduate","Dollars","81","units ","0","v96320882","8.3","14616","","","","0"
"2017/2018","Manitoba","2016A000246","International graduate","Dollars","81","units ","0","v96320883","8.4","10315","","","","0"
"2017/2018","Saskatchewan","2016A000247","Canadian undergraduate","Dollars","81","units ","0","v96320884","9.1","7257","","","","0"
"2017/2018","Saskatchewan","2016A000247","Canadian graduate","Dollars","81","units ","0","v96320885","9.2","3527","","","","0"
"2017/2018","Saskatchewan","2016A000247","International undergraduate","Dollars","81","units ","0","v96320886","9.3","19176","","","","0"
"2017/2018","Saskatchewan","2016A000247","International graduate","Dollars","81","units ","0","v96320887","9.4","5615","","","","0"
"2017/2018","Alberta","2016A000248","Canadian undergraduate","Dollars","81","units ","0","v96320888","10.1","5736","","","","0"
"2017/2018","Alberta","2016A000248","Canadian graduate","Dollars","81","units ","0","v96320889","10.2","5745","","","","0"
"2017/2018","Alberta","2016A000248","International undergraduate","Dollars","81","units ","0","v96320890","10.3","21043","","","","0"
"2017/2018","Alberta","2016A000248","International graduate","Dollars","81","units ","0","v96320891","10.4","11655","","","","0"
"2017/2018","British Columbia","2016A000259","Canadian undergraduate","Dollars","81","units ","0","v96320892","11.1","5669","","","","0"
"2017/2018","British Columbia","2016A000259","Canadian graduate","Dollars","81","units ","0","v96320893","11.2","8557","","","","0"
"2017/2018","British Columbia","2016A000259","International undergraduate","Dollars","81","units ","0","v96320894","11.3","24261","","","","0"
"2017/2018","British Columbia","2016A000259","International graduate","Dollars","81","units ","0","v96320895","11.4","16186","","","","0"
"2018/2019","Canada","2016A000011124","Canadian undergraduate","Dollars","81","units ","0","v96320852","1.1","6838","","","","0"
"2018/2019","Canada","2016A000011124","Canadian graduate","Dollars","81","units ","0","v96320853","1.2","7086","","","","0"
"2018/2019","Canada","2016A000011124","International undergraduate","Dollars","81","units ","0","v96320854","1.3","27159","","","","0"
"2018/2019","Canada","2016A000011124","International graduate","Dollars","81","units ","0","v96320855","1.4","16497","","","","0"
"2018/2019","Newfoundland and Labrador","2016A000210","Canadian undergraduate","Dollars","81","units ","0","v96320856","2.1","2885","","","","0"
"2018/2019","Newfoundland and Labrador","2016A000210","Canadian graduate","Dollars","81","units ","0","v96320857","2.2","2776","","","","0"
"2018/2019","Newfoundland and Labrador","2016A000210","International undergraduate","Dollars","81","units ","0","v96320858","2.3","12035","","","","0"
"2018/2019","Newfoundland and Labrador","2016A000210","International graduate","Dollars","81","units ","0","v96320859","2.4","4087","","","","0"
"2018/2019","Prince Edward Island","2016A000211","Canadian undergraduate","Dollars","81","units ","0","v96320860","3.1","6614","","","","0"
"2018/2019","Prince Edward Island","2016A000211","Canadian graduate","Dollars","81","units ","0","v96320861","3.2","4879","","","","0"
"2018/2019","Prince Edward Island","2016A000211","International undergraduate","Dollars","81","units ","0","v96320862","3.3","21525","","","","0"
"2018/2019","Prince Edward Island","2016A000211","International graduate","Dollars","81","units ","0","v96320863","3.4","11905","","","","0"
"2018/2019","Nova Scotia","2016A000212","Canadian undergraduate","Dollars","81","units ","0","v96320864","4.1","8153","","","","0"
"2018/2019","Nova Scotia","2016A000212","Canadian graduate","Dollars","81","units ","0","v96320865","4.2","9245","","","","0"
"2018/2019","Nova Scotia","2016A000212","International undergraduate","Dollars","81","units ","0","v96320866","4.3","17662","","","","0"
"2018/2019","Nova Scotia","2016A000212","International graduate","Dollars","81","units ","0","v96320867","4.4","18907","","","","0"
"2018/2019","New Brunswick","2016A000213","Canadian undergraduate","Dollars","81","units ","0","v96320868","5.1","7108","","","","0"
"2018/2019","New Brunswick","2016A000213","Canadian graduate","Dollars","81","units ","0","v96320869","5.2","6229","","","","0"
"2018/2019","New Brunswick","2016A000213","International undergraduate","Dollars","81","units ","0","v96320870","5.3","14290","","","","0"
"2018/2019","New Brunswick","2016A000213","International graduate","Dollars","81","units ","0","v96320871","5.4","11593","","","","0"
"2018/2019","Quebec","2016A000224","Canadian undergraduate","Dollars","81","units ","0","v96320872","6.1","2961","","","","0"
"2018/2019","Quebec","2016A000224","Canadian graduate","Dollars","81","units ","0","v96320873","6.2","3060","","","","0"
"2018/2019","Quebec","2016A000224","International undergraduate","Dollars","81","units ","0","v96320874","6.3","21857","","","","0"
"2018/2019","Quebec","2016A000224","International graduate","Dollars","81","units ","0","v96320875","6.4","15392","","","","0"
"2018/2019","Ontario","2016A000235","Canadian undergraduate","Dollars","81","units ","0","v96320876","7.1","8838","","","","0"
"2018/2019","Ontario","2016A000235","Canadian graduate","Dollars","81","units ","0","v96320877","7.2","10028","","","","0"
"2018/2019","Ontario","2016A000235","International undergraduate","Dollars","81","units ","0","v96320878","7.3","34961","","","","0"
"2018/2019","Ontario","2016A000235","International graduate","Dollars","81","units ","0","v96320879","7.4","21686","","","","0"
"2018/2019","Manitoba","2016A000246","Canadian undergraduate","Dollars","81","units ","0","v96320880","8.1","4501","","","","0"
"2018/2019","Manitoba","2016A000246","Canadian graduate","Dollars","81","units ","0","v96320881","8.2","5093","","","","0"
"2018/2019","Manitoba","2016A000246","International undergraduate","Dollars","81","units ","0","v96320882","8.3","15582","","","","0"
"2018/2019","Manitoba","2016A000246","International graduate","Dollars","81","units ","0","v96320883","8.4","10995","","","","0"
"2018/2019","Saskatchewan","2016A000247","Canadian undergraduate","Dollars","81","units ","0","v96320884","9.1","7522","","","","0"
"2018/2019","Saskatchewan","2016A000247","Canadian graduate","Dollars","81","units ","0","v96320885","9.2","3725","","","","0"
"2018/2019","Saskatchewan","2016A000247","International undergraduate","Dollars","81","units ","0","v96320886","9.3","20211","","","","0"
"2018/2019","Saskatchewan","2016A000247","International graduate","Dollars","81","units ","0","v96320887","9.4","6032","","","","0"
"2018/2019","Alberta","2016A000248","Canadian undergraduate","Dollars","81","units ","0","v96320888","10.1","5744","","","","0"
"2018/2019","Alberta","2016A000248","Canadian graduate","Dollars","81","units ","0","v96320889","10.2","5745","","","","0"
"2018/2019","Alberta","2016A000248","International undergraduate","Dollars","81","units ","0","v96320890","10.3","21548","","","","0"
"2018/2019","Alberta","2016A000248","International graduate","Dollars","81","units ","0","v96320891","10.4","11804","","","","0"
"2018/2019","British Columbia","2016A000259","Canadian undergraduate","Dollars","81","units ","0","v96320892","11.1","5782","","","","0"
"2018/2019","British Columbia","2016A000259","Canadian graduate","Dollars","81","units ","0","v96320893","11.2","8728","","","","0"
"2018/2019","British Columbia","2016A000259","International undergraduate","Dollars","81","units ","0","v96320894","11.3","25472","","","","0"
"2018/2019","British Columbia","2016A000259","International graduate","Dollars","81","units ","0","v96320895","11.4","16988","","","","0"
